Timestamp,Floor_point,Re-ID
2020-04-10 00:00:00.066667,"[297.0, 445.0]",1
2020-04-10 00:00:00.066667,"[353.0, 81.0]",2
2020-04-10 00:00:00.066667,"[392.0, 161.0]",3
2020-04-10 00:00:00.066667,"[436.0, 270.0]",4
2020-04-10 00:00:00.733333,"[357.0, 81.0]",2
2020-04-10 00:00:00.733333,"[392.0, 161.0]",3
2020-04-10 00:00:00.733333,"[296.0, 443.0]",1
2020-04-10 00:00:00.733333,"[438.0, 277.0]",4
2020-04-10 00:00:01.400000,"[395.0, 164.0]",3
2020-04-10 00:00:01.400000,"[357.0, 78.0]",2
2020-04-10 00:00:01.400000,"[444.0, 272.0]",4
2020-04-10 00:00:01.400000,"[296.0, 444.0]",1
2020-04-10 00:00:02.066667,"[445.0, 263.0]",4
2020-04-10 00:00:02.066667,"[349.0, 78.0]",2
2020-04-10 00:00:02.066667,"[296.0, 443.0]",1
2020-04-10 00:00:02.733333,"[347.0, 64.0]",2
2020-04-10 00:00:02.733333,"[444.0, 261.0]",4
2020-04-10 00:00:02.733333,"[428.0, 259.0]",4
2020-04-10 00:00:02.733333,"[186.0, 537.0]",5
2020-04-10 00:00:02.733333,"[298.0, 442.0]",1
2020-04-10 00:00:03.400000,"[344.0, 67.0]",2
2020-04-10 00:00:03.400000,"[296.0, 440.0]",1
2020-04-10 00:00:03.400000,"[441.0, 261.0]",4
2020-04-10 00:00:04.066667,"[422.0, 217.0]",4
2020-04-10 00:00:04.066667,"[285.0, 444.0]",1
2020-04-10 00:00:04.066667,"[445.0, 269.0]",4
2020-04-10 00:00:04.066667,"[140.0, 408.0]",6
2020-04-10 00:00:04.066667,"[340.0, 72.0]",2
2020-04-10 00:00:04.733333,"[424.0, 227.0]",4
2020-04-10 00:00:04.733333,"[445.0, 268.0]",4
2020-04-10 00:00:04.733333,"[324.0, 53.0]",2
2020-04-10 00:00:04.733333,"[137.0, 458.0]",6
2020-04-10 00:00:05.400000,"[276.0, 431.0]",5
2020-04-10 00:00:05.400000,"[321.0, 419.0]",5
2020-04-10 00:00:05.400000,"[133.0, 496.0]",6
2020-04-10 00:00:05.400000,"[311.0, 52.0]",2
2020-04-10 00:00:05.400000,"[419.0, 223.0]",4
2020-04-10 00:00:05.400000,"[446.0, 269.0]",4
2020-04-10 00:00:06.066667,"[308.0, 437.0]",5
2020-04-10 00:00:06.066667,"[374.0, 372.0]",5
2020-04-10 00:00:06.066667,"[446.0, 269.0]",4
2020-04-10 00:00:06.066667,"[418.0, 219.0]",4
2020-04-10 00:00:06.733333,"[424.0, 238.0]",4
2020-04-10 00:00:06.733333,"[445.0, 268.0]",4
2020-04-10 00:00:07.400000,"[369.0, 380.0]",7
2020-04-10 00:00:07.400000,"[424.0, 334.0]",5
2020-04-10 00:00:07.400000,"[446.0, 268.0]",4
2020-04-10 00:00:07.400000,"[417.0, 225.0]",4
2020-04-10 00:00:08.066667,"[389.0, 365.0]",7
2020-04-10 00:00:08.066667,"[431.0, 314.0]",5
2020-04-10 00:00:08.066667,"[441.0, 248.0]",4
2020-04-10 00:00:08.733333,"[414.0, 340.0]",7
2020-04-10 00:00:08.733333,"[440.0, 252.0]",4
2020-04-10 00:00:08.733333,"[386.0, 171.0]",3
2020-04-10 00:00:09.400000,"[388.0, 170.0]",3
2020-04-10 00:00:09.400000,"[437.0, 322.0]",5
2020-04-10 00:00:09.400000,"[439.0, 248.0]",4
2020-04-10 00:00:10.066667,"[433.0, 311.0]",5
2020-04-10 00:00:10.066667,"[432.0, 227.0]",4
2020-04-10 00:00:10.066667,"[388.0, 167.0]",3
2020-04-10 00:00:10.733333,"[452.0, 253.0]",8
2020-04-10 00:00:10.733333,"[438.0, 322.0]",5
2020-04-10 00:00:11.400000,"[435.0, 324.0]",5
2020-04-10 00:00:12.066667,"[436.0, 240.0]",4
2020-04-10 00:00:12.066667,"[386.0, 173.0]",3
2020-04-10 00:00:12.733333,"[438.0, 322.0]",5
2020-04-10 00:00:12.733333,"[386.0, 170.0]",3
2020-04-10 00:00:13.400000,"[386.0, 169.0]",3
2020-04-10 00:00:14.066667,"[386.0, 168.0]",3
2020-04-10 00:00:14.733333,"[389.0, 169.0]",3
2020-04-10 00:00:14.733333,"[441.0, 258.0]",4
2020-04-10 00:00:14.733333,"[144.0, 502.0]",9
2020-04-10 00:00:15.400000,"[387.0, 163.0]",3
2020-04-10 00:00:15.400000,"[161.0, 563.0]",10
2020-04-10 00:00:15.400000,"[440.0, 258.0]",4
2020-04-10 00:00:15.400000,"[172.0, 500.0]",9
2020-04-10 00:00:16.066667,"[21.0, 379.0]",5
2020-04-10 00:00:16.066667,"[390.0, 165.0]",3
2020-04-10 00:00:16.066667,"[440.0, 258.0]",4
2020-04-10 00:00:16.733333,"[312.0, 430.0]",10
2020-04-10 00:00:16.733333,"[176.0, 461.0]",9
2020-04-10 00:00:16.733333,"[441.0, 259.0]",2
2020-04-10 00:00:16.733333,"[389.0, 165.0]",3
2020-04-10 00:00:17.400000,"[390.0, 166.0]",3
2020-04-10 00:00:17.400000,"[441.0, 261.0]",4
2020-04-10 00:00:18.066667,"[433.0, 265.0]",2
2020-04-10 00:00:18.066667,"[404.0, 351.0]",10
2020-04-10 00:00:18.066667,"[389.0, 166.0]",3
2020-04-10 00:00:18.733333,"[173.0, 440.0]",9
2020-04-10 00:00:18.733333,"[439.0, 251.0]",2
2020-04-10 00:00:18.733333,"[386.0, 163.0]",3
2020-04-10 00:00:18.733333,"[421.0, 334.0]",10
2020-04-10 00:00:19.400000,"[161.0, 428.0]",9
2020-04-10 00:00:19.400000,"[382.0, 141.0]",3
2020-04-10 00:00:19.400000,"[429.0, 257.0]",4
2020-04-10 00:00:19.400000,"[420.0, 334.0]",10
2020-04-10 00:00:20.066667,"[174.0, 443.0]",9
2020-04-10 00:00:20.066667,"[428.0, 253.0]",4
2020-04-10 00:00:20.066667,"[389.0, 167.0]",3
2020-04-10 00:00:20.066667,"[424.0, 333.0]",10
2020-04-10 00:00:20.733333,"[467.0, 268.0]",11
2020-04-10 00:00:20.733333,"[160.0, 427.0]",9
2020-04-10 00:00:20.733333,"[388.0, 165.0]",3
2020-04-10 00:00:20.733333,"[429.0, 255.0]",4
2020-04-10 00:00:20.733333,"[424.0, 334.0]",10
2020-04-10 00:00:21.400000,"[228.0, 196.0]",12
2020-04-10 00:00:21.400000,"[390.0, 171.0]",3
2020-04-10 00:00:21.400000,"[177.0, 458.0]",9
2020-04-10 00:00:21.400000,"[430.0, 260.0]",4
2020-04-10 00:00:21.400000,"[424.0, 332.0]",10
2020-04-10 00:00:22.066667,"[184.0, 487.0]",9
2020-04-10 00:00:22.066667,"[389.0, 167.0]",3
2020-04-10 00:00:22.066667,"[428.0, 252.0]",4
2020-04-10 00:00:22.066667,"[245.0, 185.0]",12
2020-04-10 00:00:22.066667,"[422.0, 333.0]",10
2020-04-10 00:00:22.733333,"[180.0, 453.0]",9
2020-04-10 00:00:22.733333,"[388.0, 168.0]",3
2020-04-10 00:00:22.733333,"[430.0, 258.0]",4
2020-04-10 00:00:22.733333,"[252.0, 180.0]",12
2020-04-10 00:00:22.733333,"[424.0, 332.0]",10
2020-04-10 00:00:23.400000,"[471.0, 280.0]",11
2020-04-10 00:00:23.400000,"[195.0, 504.0]",9
2020-04-10 00:00:23.400000,"[428.0, 252.0]",4
2020-04-10 00:00:23.400000,"[385.0, 158.0]",3
2020-04-10 00:00:23.400000,"[252.0, 180.0]",12
2020-04-10 00:00:23.400000,"[420.0, 335.0]",10
2020-04-10 00:00:24.066667,"[201.0, 521.0]",9
2020-04-10 00:00:24.066667,"[434.0, 327.0]",5
2020-04-10 00:00:24.066667,"[388.0, 167.0]",3
2020-04-10 00:00:24.066667,"[427.0, 249.0]",4
2020-04-10 00:00:24.066667,"[416.0, 324.0]",10
2020-04-10 00:00:24.066667,"[251.0, 180.0]",12
2020-04-10 00:00:24.733333,"[193.0, 516.0]",9
2020-04-10 00:00:24.733333,"[244.0, 184.0]",12
2020-04-10 00:00:24.733333,"[400.0, 310.0]",10
2020-04-10 00:00:24.733333,"[389.0, 170.0]",3
2020-04-10 00:00:24.733333,"[400.0, 358.0]",5
2020-04-10 00:00:24.733333,"[433.0, 265.0]",4
2020-04-10 00:00:25.400000,"[203.0, 525.0]",9
2020-04-10 00:00:25.400000,"[229.0, 191.0]",12
2020-04-10 00:00:25.400000,"[457.0, 251.0]",8
2020-04-10 00:00:25.400000,"[437.0, 274.0]",4
2020-04-10 00:00:25.400000,"[391.0, 172.0]",3
2020-04-10 00:00:25.400000,"[412.0, 330.0]",10
2020-04-10 00:00:25.400000,"[390.0, 364.0]",5
2020-04-10 00:00:26.066667,"[231.0, 197.0]",12
2020-04-10 00:00:26.066667,"[196.0, 516.0]",9
2020-04-10 00:00:26.066667,"[431.0, 254.0]",4
2020-04-10 00:00:26.066667,"[403.0, 354.0]",5
2020-04-10 00:00:26.066667,"[457.0, 255.0]",8
2020-04-10 00:00:26.066667,"[432.0, 317.0]",10
2020-04-10 00:00:26.066667,"[392.0, 175.0]",3
2020-04-10 00:00:26.733333,"[457.0, 256.0]",8
2020-04-10 00:00:26.733333,"[416.0, 208.0]",4
2020-04-10 00:00:26.733333,"[198.0, 518.0]",9
2020-04-10 00:00:26.733333,"[228.0, 195.0]",12
2020-04-10 00:00:26.733333,"[386.0, 170.0]",3
2020-04-10 00:00:26.733333,"[441.0, 315.0]",10
2020-04-10 00:00:27.400000,"[443.0, 309.0]",10
2020-04-10 00:00:27.400000,"[228.0, 195.0]",12
2020-04-10 00:00:27.400000,"[197.0, 517.0]",9
2020-04-10 00:00:27.400000,"[383.0, 144.0]",3
2020-04-10 00:00:27.400000,"[422.0, 338.0]",5
2020-04-10 00:00:28.066667,"[405.0, 175.0]",12
2020-04-10 00:00:28.066667,"[193.0, 515.0]",9
2020-04-10 00:00:28.066667,"[443.0, 312.0]",10
2020-04-10 00:00:28.066667,"[227.0, 196.0]",12
2020-04-10 00:00:28.733333,"[180.0, 524.0]",9
2020-04-10 00:00:28.733333,"[387.0, 120.0]",3
2020-04-10 00:00:28.733333,"[227.0, 192.0]",12
2020-04-10 00:00:28.733333,"[407.0, 168.0]",2
2020-04-10 00:00:29.400000,"[413.0, 342.0]",5
2020-04-10 00:00:29.400000,"[394.0, 173.0]",3
2020-04-10 00:00:29.400000,"[404.0, 162.0]",2
2020-04-10 00:00:29.400000,"[228.0, 193.0]",12
2020-04-10 00:00:29.400000,"[163.0, 560.0]",5
2020-04-10 00:00:29.400000,"[452.0, 308.0]",10
2020-04-10 00:00:30.066667,"[393.0, 173.0]",3
2020-04-10 00:00:30.066667,"[405.0, 166.0]",2
2020-04-10 00:00:30.066667,"[228.0, 196.0]",12
2020-04-10 00:00:30.066667,"[452.0, 309.0]",10
2020-04-10 00:00:30.733333,"[406.0, 163.0]",2
2020-04-10 00:00:30.733333,"[415.0, 341.0]",5
2020-04-10 00:00:30.733333,"[391.0, 167.0]",3
2020-04-10 00:00:30.733333,"[230.0, 199.0]",12
2020-04-10 00:00:30.733333,"[454.0, 305.0]",10
2020-04-10 00:00:31.400000,"[408.0, 163.0]",2
2020-04-10 00:00:31.400000,"[414.0, 341.0]",5
2020-04-10 00:00:31.400000,"[228.0, 193.0]",12
2020-04-10 00:00:31.400000,"[386.0, 171.0]",3
2020-04-10 00:00:31.400000,"[453.0, 309.0]",10
2020-04-10 00:00:32.066667,"[408.0, 161.0]",2
2020-04-10 00:00:32.066667,"[228.0, 196.0]",12
2020-04-10 00:00:32.066667,"[446.0, 310.0]",10
2020-04-10 00:00:32.066667,"[415.0, 340.0]",5
2020-04-10 00:00:32.066667,"[385.0, 167.0]",3
2020-04-10 00:00:32.733333,"[415.0, 340.0]",5
2020-04-10 00:00:32.733333,"[415.0, 191.0]",2
2020-04-10 00:00:32.733333,"[384.0, 161.0]",3
2020-04-10 00:00:32.733333,"[228.0, 196.0]",12
2020-04-10 00:00:33.400000,"[415.0, 188.0]",2
2020-04-10 00:00:33.400000,"[229.0, 197.0]",12
2020-04-10 00:00:33.400000,"[384.0, 162.0]",3
2020-04-10 00:00:33.400000,"[415.0, 342.0]",5
2020-04-10 00:00:33.400000,"[443.0, 312.0]",10
2020-04-10 00:00:34.066667,"[228.0, 197.0]",12
2020-04-10 00:00:34.066667,"[415.0, 340.0]",5
2020-04-10 00:00:34.066667,"[385.0, 165.0]",3
2020-04-10 00:00:34.733333,"[469.0, 271.0]",11
2020-04-10 00:00:34.733333,"[431.0, 278.0]",10
2020-04-10 00:00:34.733333,"[227.0, 195.0]",12
2020-04-10 00:00:34.733333,"[417.0, 193.0]",2
2020-04-10 00:00:34.733333,"[424.0, 332.0]",5
2020-04-10 00:00:34.733333,"[384.0, 163.0]",3
2020-04-10 00:00:35.400000,"[471.0, 279.0]",11
2020-04-10 00:00:35.400000,"[383.0, 160.0]",3
2020-04-10 00:00:35.400000,"[415.0, 207.0]",4
2020-04-10 00:00:35.400000,"[230.0, 189.0]",12
2020-04-10 00:00:35.400000,"[431.0, 324.0]",10
2020-04-10 00:00:36.066667,"[383.0, 162.0]",3
2020-04-10 00:00:36.066667,"[445.0, 317.0]",5
2020-04-10 00:00:36.066667,"[430.0, 259.0]",4
2020-04-10 00:00:36.066667,"[249.0, 190.0]",12
2020-04-10 00:00:36.066667,"[414.0, 345.0]",10
2020-04-10 00:00:36.733333,"[384.0, 162.0]",3
2020-04-10 00:00:36.733333,"[254.0, 186.0]",12
2020-04-10 00:00:36.733333,"[445.0, 319.0]",5
2020-04-10 00:00:36.733333,"[430.0, 257.0]",4
2020-04-10 00:00:37.400000,"[470.0, 273.0]",11
2020-04-10 00:00:37.400000,"[384.0, 161.0]",3
2020-04-10 00:00:37.400000,"[424.0, 241.0]",4
2020-04-10 00:00:37.400000,"[436.0, 327.0]",5
2020-04-10 00:00:37.400000,"[257.0, 195.0]",12
2020-04-10 00:00:38.066667,"[470.0, 275.0]",11
2020-04-10 00:00:38.066667,"[384.0, 163.0]",3
2020-04-10 00:00:38.066667,"[165.0, 562.0]",10
2020-04-10 00:00:38.066667,"[256.0, 195.0]",12
2020-04-10 00:00:38.066667,"[416.0, 341.0]",5
2020-04-10 00:00:38.066667,"[431.0, 263.0]",4
2020-04-10 00:00:38.733333,"[382.0, 161.0]",3
2020-04-10 00:00:38.733333,"[250.0, 188.0]",12
2020-04-10 00:00:38.733333,"[431.0, 261.0]",4
2020-04-10 00:00:39.400000,"[340.0, 406.0]",5
2020-04-10 00:00:39.400000,"[393.0, 363.0]",5
2020-04-10 00:00:39.400000,"[384.0, 161.0]",3
2020-04-10 00:00:39.400000,"[251.0, 194.0]",12
2020-04-10 00:00:39.400000,"[433.0, 263.0]",4
2020-04-10 00:00:40.066667,"[297.0, 444.0]",5
2020-04-10 00:00:40.066667,"[430.0, 255.0]",4
2020-04-10 00:00:40.066667,"[401.0, 356.0]",5
2020-04-10 00:00:40.066667,"[251.0, 197.0]",12
2020-04-10 00:00:40.066667,"[383.0, 161.0]",3
2020-04-10 00:00:40.733333,"[469.0, 274.0]",11
2020-04-10 00:00:40.733333,"[430.0, 256.0]",4
2020-04-10 00:00:40.733333,"[400.0, 357.0]",5
2020-04-10 00:00:40.733333,"[251.0, 194.0]",12
2020-04-10 00:00:40.733333,"[383.0, 162.0]",3
2020-04-10 00:00:41.400000,"[431.0, 259.0]",4
2020-04-10 00:00:41.400000,"[383.0, 161.0]",3
2020-04-10 00:00:41.400000,"[400.0, 357.0]",5
2020-04-10 00:00:41.400000,"[258.0, 194.0]",12
2020-04-10 00:00:42.066667,"[185.0, 533.0]",5
2020-04-10 00:00:42.066667,"[384.0, 161.0]",3
2020-04-10 00:00:42.066667,"[432.0, 263.0]",4
2020-04-10 00:00:42.066667,"[258.0, 192.0]",12
2020-04-10 00:00:42.733333,"[402.0, 356.0]",5
2020-04-10 00:00:42.733333,"[185.0, 535.0]",5
2020-04-10 00:00:42.733333,"[385.0, 164.0]",3
2020-04-10 00:00:42.733333,"[252.0, 194.0]",12
2020-04-10 00:00:42.733333,"[432.0, 264.0]",4
2020-04-10 00:00:43.400000,"[469.0, 273.0]",11
2020-04-10 00:00:43.400000,"[400.0, 356.0]",5
2020-04-10 00:00:43.400000,"[451.0, 310.0]",7
2020-04-10 00:00:43.400000,"[386.0, 164.0]",3
2020-04-10 00:00:43.400000,"[432.0, 265.0]",4
2020-04-10 00:00:43.400000,"[249.0, 188.0]",5
2020-04-10 00:00:44.066667,"[463.0, 239.0]",11
2020-04-10 00:00:44.066667,"[252.0, 189.0]",5
2020-04-10 00:00:44.066667,"[432.0, 266.0]",4
2020-04-10 00:00:44.066667,"[386.0, 164.0]",3
2020-04-10 00:00:44.733333,"[374.0, 374.0]",7
2020-04-10 00:00:44.733333,"[400.0, 357.0]",5
2020-04-10 00:00:44.733333,"[380.0, 169.0]",3
2020-04-10 00:00:44.733333,"[432.0, 267.0]",4
2020-04-10 00:00:45.400000,"[385.0, 170.0]",3
2020-04-10 00:00:45.400000,"[400.0, 359.0]",5
2020-04-10 00:00:45.400000,"[432.0, 268.0]",4
2020-04-10 00:00:46.066667,"[385.0, 142.0]",3
2020-04-10 00:00:46.066667,"[431.0, 266.0]",4
2020-04-10 00:00:46.066667,"[395.0, 361.0]",5
2020-04-10 00:00:46.733333,"[292.0, 451.0]",10
2020-04-10 00:00:46.733333,"[250.0, 190.0]",2
2020-04-10 00:00:46.733333,"[384.0, 143.0]",3
2020-04-10 00:00:46.733333,"[461.0, 294.0]",10
2020-04-10 00:00:46.733333,"[432.0, 266.0]",4
2020-04-10 00:00:46.733333,"[381.0, 370.0]",5
2020-04-10 00:00:47.400000,"[412.0, 151.0]",2
2020-04-10 00:00:47.400000,"[388.0, 175.0]",3
2020-04-10 00:00:47.400000,"[432.0, 327.0]",5
2020-04-10 00:00:47.400000,"[348.0, 398.0]",10
2020-04-10 00:00:47.400000,"[449.0, 293.0]",8
2020-04-10 00:00:47.400000,"[380.0, 378.0]",5
2020-04-10 00:00:48.066667,"[378.0, 150.0]",3
2020-04-10 00:00:48.066667,"[407.0, 157.0]",2
2020-04-10 00:00:48.066667,"[377.0, 378.0]",5
2020-04-10 00:00:48.066667,"[381.0, 350.0]",10
2020-04-10 00:00:48.066667,"[441.0, 255.0]",8
2020-04-10 00:00:48.066667,"[442.0, 320.0]",5
2020-04-10 00:00:48.733333,"[283.0, 189.0]",2
2020-04-10 00:00:48.733333,"[409.0, 166.0]",2
2020-04-10 00:00:48.733333,"[381.0, 137.0]",3
2020-04-10 00:00:48.733333,"[394.0, 361.0]",10
2020-04-10 00:00:48.733333,"[376.0, 378.0]",5
2020-04-10 00:00:48.733333,"[443.0, 257.0]",8
2020-04-10 00:00:48.733333,"[434.0, 324.0]",5
2020-04-10 00:00:49.400000,"[377.0, 163.0]",3
2020-04-10 00:00:49.400000,"[408.0, 163.0]",2
2020-04-10 00:00:49.400000,"[254.0, 457.0]",5
2020-04-10 00:00:49.400000,"[399.0, 358.0]",10
2020-04-10 00:00:49.400000,"[380.0, 374.0]",5
2020-04-10 00:00:49.400000,"[442.0, 258.0]",8
2020-04-10 00:00:49.400000,"[437.0, 324.0]",5
2020-04-10 00:00:50.066667,"[442.0, 256.0]",8
2020-04-10 00:00:50.066667,"[391.0, 335.0]",10
2020-04-10 00:00:50.066667,"[395.0, 180.0]",2
2020-04-10 00:00:50.066667,"[251.0, 181.0]",2
2020-04-10 00:00:50.066667,"[149.0, 577.0]",5
2020-04-10 00:00:50.066667,"[190.0, 437.0]",5
2020-04-10 00:00:50.066667,"[368.0, 169.0]",3
2020-04-10 00:00:50.733333,"[385.0, 337.0]",10
2020-04-10 00:00:50.733333,"[443.0, 319.0]",5
2020-04-10 00:00:50.733333,"[344.0, 174.0]",3
2020-04-10 00:00:50.733333,"[390.0, 367.0]",5
2020-04-10 00:00:50.733333,"[375.0, 176.0]",2
2020-04-10 00:00:50.733333,"[249.0, 184.0]",2
2020-04-10 00:00:51.400000,"[150.0, 570.0]",5
2020-04-10 00:00:51.400000,"[453.0, 312.0]",5
2020-04-10 00:00:51.400000,"[155.0, 435.0]",13
2020-04-10 00:00:51.400000,"[253.0, 183.0]",2
2020-04-10 00:00:51.400000,"[333.0, 181.0]",3
2020-04-10 00:00:51.400000,"[367.0, 171.0]",2
2020-04-10 00:00:52.066667,"[127.0, 586.0]",5
2020-04-10 00:00:52.066667,"[149.0, 572.0]",5
2020-04-10 00:00:52.066667,"[202.0, 523.0]",5
2020-04-10 00:00:52.066667,"[446.0, 323.0]",5
2020-04-10 00:00:52.066667,"[381.0, 324.0]",10
2020-04-10 00:00:52.066667,"[253.0, 182.0]",2
2020-04-10 00:00:52.066667,"[361.0, 169.0]",2
2020-04-10 00:00:52.066667,"[391.0, 363.0]",5
2020-04-10 00:00:52.066667,"[331.0, 176.0]",3
2020-04-10 00:00:52.733333,"[363.0, 372.0]",10
2020-04-10 00:00:52.733333,"[390.0, 364.0]",5
2020-04-10 00:00:52.733333,"[249.0, 183.0]",2
2020-04-10 00:00:52.733333,"[437.0, 323.0]",5
2020-04-10 00:00:52.733333,"[333.0, 178.0]",3
2020-04-10 00:00:52.733333,"[367.0, 171.0]",2
2020-04-10 00:00:53.400000,"[444.0, 328.0]",5
2020-04-10 00:00:53.400000,"[399.0, 359.0]",10
2020-04-10 00:00:53.400000,"[248.0, 186.0]",2
2020-04-10 00:00:53.400000,"[362.0, 170.0]",2
2020-04-10 00:00:53.400000,"[333.0, 175.0]",3
2020-04-10 00:00:53.400000,"[308.0, 435.0]",10
2020-04-10 00:00:54.066667,"[298.0, 193.0]",2
2020-04-10 00:00:54.066667,"[132.0, 412.0]",1
2020-04-10 00:00:54.066667,"[250.0, 187.0]",2
2020-04-10 00:00:54.066667,"[333.0, 175.0]",3
2020-04-10 00:00:54.066667,"[361.0, 169.0]",2
2020-04-10 00:00:54.733333,"[144.0, 404.0]",1
2020-04-10 00:00:54.733333,"[333.0, 176.0]",3
2020-04-10 00:00:54.733333,"[251.0, 187.0]",2
2020-04-10 00:00:54.733333,"[361.0, 170.0]",2
2020-04-10 00:00:55.400000,"[140.0, 375.0]",1
2020-04-10 00:00:55.400000,"[436.0, 327.0]",5
2020-04-10 00:00:55.400000,"[250.0, 183.0]",3
2020-04-10 00:00:55.400000,"[361.0, 168.0]",2
2020-04-10 00:00:55.400000,"[333.0, 175.0]",3
2020-04-10 00:00:56.066667,"[314.0, 56.0]",2
2020-04-10 00:00:56.066667,"[446.0, 319.0]",5
2020-04-10 00:00:56.066667,"[252.0, 191.0]",5
2020-04-10 00:00:56.066667,"[360.0, 168.0]",2
2020-04-10 00:00:56.066667,"[334.0, 175.0]",3
2020-04-10 00:00:56.733333,"[322.0, 50.0]",2
2020-04-10 00:00:56.733333,"[254.0, 191.0]",2
2020-04-10 00:00:56.733333,"[361.0, 165.0]",2
2020-04-10 00:00:56.733333,"[333.0, 173.0]",3
2020-04-10 00:00:57.400000,"[438.0, 323.0]",5
2020-04-10 00:00:57.400000,"[331.0, 33.0]",2
2020-04-10 00:00:57.400000,"[442.0, 313.0]",5
2020-04-10 00:00:57.400000,"[333.0, 173.0]",3
2020-04-10 00:00:57.400000,"[361.0, 168.0]",2
2020-04-10 00:00:57.400000,"[246.0, 185.0]",12
2020-04-10 00:00:58.066667,"[442.0, 320.0]",5
2020-04-10 00:00:58.066667,"[213.0, 185.0]",12
2020-04-10 00:00:58.066667,"[452.0, 298.0]",5
2020-04-10 00:00:58.066667,"[335.0, 41.0]",2
2020-04-10 00:00:58.066667,"[334.0, 174.0]",4
2020-04-10 00:00:58.066667,"[361.0, 167.0]",2
2020-04-10 00:00:58.066667,"[414.0, 347.0]",5
2020-04-10 00:00:58.733333,"[410.0, 347.0]",5
2020-04-10 00:00:58.733333,"[456.0, 309.0]",5
2020-04-10 00:00:58.733333,"[340.0, 51.0]",2
2020-04-10 00:00:58.733333,"[356.0, 174.0]",2
2020-04-10 00:00:58.733333,"[335.0, 176.0]",3
2020-04-10 00:00:59.400000,"[455.0, 304.0]",4
2020-04-10 00:00:59.400000,"[353.0, 175.0]",2
2020-04-10 00:00:59.400000,"[337.0, 175.0]",3
2020-04-10 00:00:59.400000,"[346.0, 86.0]",2
2020-04-10 00:01:00.066667,"[356.0, 175.0]",2
2020-04-10 00:01:00.066667,"[347.0, 81.0]",2
2020-04-10 00:01:00.066667,"[335.0, 176.0]",3
2020-04-10 00:01:00.733333,"[184.0, 101.0]",2
2020-04-10 00:01:00.733333,"[454.0, 311.0]",5
2020-04-10 00:01:00.733333,"[356.0, 174.0]",2
2020-04-10 00:01:00.733333,"[345.0, 77.0]",2
2020-04-10 00:01:00.733333,"[334.0, 176.0]",3
2020-04-10 00:01:00.733333,"[149.0, 397.0]",14
2020-04-10 00:01:01.400000,"[333.0, 80.0]",2
2020-04-10 00:01:01.400000,"[133.0, 436.0]",14
2020-04-10 00:01:01.400000,"[367.0, 171.0]",2
2020-04-10 00:01:01.400000,"[334.0, 178.0]",3
2020-04-10 00:01:02.066667,"[149.0, 571.0]",5
2020-04-10 00:01:02.066667,"[310.0, 54.0]",2
2020-04-10 00:01:02.066667,"[373.0, 177.0]",2
2020-04-10 00:01:02.066667,"[334.0, 180.0]",3
2020-04-10 00:01:02.733333,"[363.0, 172.0]",2
2020-04-10 00:01:02.733333,"[333.0, 178.0]",3
2020-04-10 00:01:03.400000,"[296.0, 179.0]",2
2020-04-10 00:01:03.400000,"[332.0, 174.0]",3
2020-04-10 00:01:03.400000,"[358.0, 179.0]",2
2020-04-10 00:01:04.066667,"[282.0, 193.0]",2
2020-04-10 00:01:04.066667,"[360.0, 181.0]",2
2020-04-10 00:01:04.066667,"[328.0, 186.0]",4
2020-04-10 00:01:04.733333,"[147.0, 573.0]",5
2020-04-10 00:01:04.733333,"[255.0, 184.0]",2
2020-04-10 00:01:04.733333,"[301.0, 175.0]",2
2020-04-10 00:01:04.733333,"[343.0, 180.0]",2
2020-04-10 00:01:05.400000,"[146.0, 574.0]",5
2020-04-10 00:01:05.400000,"[261.0, 184.0]",2
2020-04-10 00:01:05.400000,"[329.0, 185.0]",2
2020-04-10 00:01:06.066667,"[145.0, 576.0]",5
2020-04-10 00:01:06.066667,"[301.0, 179.0]",4
2020-04-10 00:01:06.066667,"[227.0, 197.0]",3
2020-04-10 00:01:06.733333,"[269.0, 185.0]",4
2020-04-10 00:01:07.400000,"[247.0, 190.0]",4
2020-04-10 00:01:08.066667,"[210.0, 192.0]",12
2020-04-10 00:01:08.733333,"[214.0, 201.0]",12
2020-04-10 00:01:08.733333,"[186.0, 526.0]",5
2020-04-10 00:01:09.400000,"[225.0, 200.0]",12
2020-04-10 00:01:09.400000,"[121.0, 333.0]",3
2020-04-10 00:01:10.066667,"[221.0, 196.0]",12
2020-04-10 00:01:10.733333,"[206.0, 193.0]",12
2020-04-10 00:01:11.400000,"[201.0, 185.0]",12
2020-04-10 00:01:20.733333,"[149.0, 400.0]",3
2020-04-10 00:01:21.400000,"[156.0, 437.0]",3
2020-04-10 00:01:22.066667,"[127.0, 474.0]",9
2020-04-10 00:01:22.733333,"[37.0, 429.0]",9
2020-04-10 00:01:22.733333,"[137.0, 413.0]",15
2020-04-10 00:01:23.400000,"[121.0, 484.0]",9
2020-04-10 00:01:23.400000,"[127.0, 431.0]",15
2020-04-10 00:01:24.066667,"[120.0, 504.0]",9
2020-04-10 00:01:24.066667,"[154.0, 453.0]",15
2020-04-10 00:01:24.733333,"[98.0, 494.0]",9
2020-04-10 00:01:24.733333,"[143.0, 442.0]",15
2020-04-10 00:01:25.400000,"[89.0, 494.0]",9
2020-04-10 00:01:25.400000,"[144.0, 454.0]",15
2020-04-10 00:01:26.066667,"[353.0, -13.0]",2
2020-04-10 00:01:26.066667,"[181.0, 487.0]",15
2020-04-10 00:01:26.733333,"[197.0, 508.0]",15
2020-04-10 00:01:27.400000,"[8.0, 417.0]",5
2020-04-10 00:01:27.400000,"[175.0, 482.0]",15
2020-04-10 00:01:28.066667,"[190.0, 500.0]",15
2020-04-10 00:01:28.733333,"[65.0, 411.0]",5
2020-04-10 00:01:28.733333,"[197.0, 481.0]",15
2020-04-10 00:01:28.733333,"[155.0, 570.0]",5
2020-04-10 00:01:29.400000,"[182.0, 491.0]",9
2020-04-10 00:01:29.400000,"[152.0, 570.0]",5
2020-04-10 00:01:30.066667,"[121.0, 416.0]",9
2020-04-10 00:01:30.733333,"[140.0, 581.0]",5
2020-04-10 00:01:30.733333,"[172.0, 473.0]",9
2020-04-10 00:01:30.733333,"[180.0, 538.0]",9
2020-04-10 00:01:30.733333,"[392.0, 358.0]",5
2020-04-10 00:01:31.400000,"[417.0, 347.0]",5
2020-04-10 00:01:31.400000,"[191.0, 505.0]",5
2020-04-10 00:01:31.400000,"[152.0, 570.0]",5
2020-04-10 00:01:34.066667,"[305.0, 438.0]",5
2020-04-10 00:01:34.733333,"[328.0, 9.0]",2
2020-04-10 00:01:34.733333,"[335.0, -2.0]",2
2020-04-10 00:01:35.400000,"[451.0, 302.0]",12
2020-04-10 00:01:36.066667,"[443.0, 323.0]",12
2020-04-10 00:01:36.733333,"[424.0, 336.0]",5
2020-04-10 00:01:38.066667,"[426.0, 336.0]",5
2020-04-10 00:01:38.733333,"[435.0, 324.0]",7
2020-04-10 00:01:38.733333,"[377.0, 374.0]",5
2020-04-10 00:01:39.400000,"[412.0, 344.0]",7
2020-04-10 00:01:39.400000,"[320.0, 423.0]",5
2020-04-10 00:01:40.066667,"[386.0, 368.0]",7
2020-04-10 00:01:40.066667,"[298.0, 447.0]",5
2020-04-10 00:01:41.400000,"[171.0, 554.0]",5
2020-04-10 00:01:41.400000,"[124.0, 467.0]",14
2020-04-10 00:01:42.066667,"[162.0, 564.0]",5
2020-04-10 00:01:42.066667,"[127.0, 433.0]",14
2020-04-10 00:01:42.733333,"[133.0, 391.0]",14
2020-04-10 00:01:43.400000,"[150.0, 388.0]",14
2020-04-10 00:01:44.066667,"[156.0, 391.0]",14
2020-04-10 00:01:44.733333,"[129.0, 399.0]",14
2020-04-10 00:01:45.400000,"[120.0, 395.0]",14
2020-04-10 00:01:46.066667,"[116.0, 391.0]",14
2020-04-10 00:01:46.733333,"[123.0, 398.0]",14
2020-04-10 00:01:47.400000,"[124.0, 398.0]",14
2020-04-10 00:01:48.066667,"[124.0, 398.0]",14
2020-04-10 00:01:48.733333,"[439.0, 326.0]",5
2020-04-10 00:01:48.733333,"[128.0, 399.0]",14
2020-04-10 00:01:49.400000,"[393.0, 364.0]",5
2020-04-10 00:01:49.400000,"[125.0, 398.0]",14
2020-04-10 00:01:50.066667,"[126.0, 397.0]",14
2020-04-10 00:01:50.733333,"[129.0, 399.0]",14
2020-04-10 00:01:51.400000,"[127.0, 400.0]",14
2020-04-10 00:01:52.066667,"[131.0, 399.0]",14
2020-04-10 00:01:52.733333,"[261.0, 186.0]",2
2020-04-10 00:01:52.733333,"[300.0, 21.0]",2
2020-04-10 00:01:52.733333,"[122.0, 396.0]",14
2020-04-10 00:01:53.400000,"[303.0, 31.0]",2
2020-04-10 00:01:53.400000,"[281.0, 191.0]",2
2020-04-10 00:01:53.400000,"[122.0, 395.0]",14
2020-04-10 00:01:54.066667,"[121.0, 396.0]",14
2020-04-10 00:01:54.733333,"[314.0, 64.0]",2
2020-04-10 00:01:54.733333,"[120.0, 395.0]",14
2020-04-10 00:01:55.400000,"[309.0, 185.0]",4
2020-04-10 00:01:55.400000,"[319.0, 69.0]",2
2020-04-10 00:01:55.400000,"[120.0, 394.0]",14
2020-04-10 00:01:56.066667,"[328.0, 184.0]",4
2020-04-10 00:01:56.066667,"[324.0, 78.0]",4
2020-04-10 00:01:56.066667,"[119.0, 394.0]",14
2020-04-10 00:01:56.733333,"[344.0, 178.0]",4
2020-04-10 00:01:56.733333,"[319.0, 69.0]",4
2020-04-10 00:01:56.733333,"[119.0, 394.0]",14
2020-04-10 00:01:57.400000,"[345.0, 177.0]",4
2020-04-10 00:01:57.400000,"[319.0, 71.0]",4
2020-04-10 00:01:57.400000,"[119.0, 394.0]",14
2020-04-10 00:01:58.066667,"[312.0, 53.0]",4
2020-04-10 00:01:58.066667,"[350.0, 175.0]",4
2020-04-10 00:01:58.066667,"[119.0, 394.0]",14
2020-04-10 00:01:58.733333,"[316.0, 64.0]",4
2020-04-10 00:01:58.733333,"[378.0, 174.0]",4
2020-04-10 00:01:58.733333,"[120.0, 394.0]",14
2020-04-10 00:01:59.400000,"[318.0, 70.0]",4
2020-04-10 00:01:59.400000,"[425.0, 236.0]",4
2020-04-10 00:01:59.400000,"[119.0, 394.0]",14
2020-04-10 00:02:00.066667,"[318.0, 70.0]",4
2020-04-10 00:02:00.066667,"[441.0, 257.0]",4
2020-04-10 00:02:00.066667,"[119.0, 393.0]",14
2020-04-10 00:02:00.733333,"[317.0, 71.0]",4
2020-04-10 00:02:00.733333,"[452.0, 298.0]",4
2020-04-10 00:02:00.733333,"[119.0, 394.0]",14
2020-04-10 00:02:01.400000,"[452.0, 310.0]",4
2020-04-10 00:02:01.400000,"[322.0, 77.0]",2
2020-04-10 00:02:01.400000,"[120.0, 395.0]",14
2020-04-10 00:02:02.066667,"[324.0, 70.0]",2
2020-04-10 00:02:02.066667,"[442.0, 322.0]",4
2020-04-10 00:02:02.066667,"[120.0, 395.0]",14
2020-04-10 00:02:02.733333,"[328.0, 67.0]",4
2020-04-10 00:02:02.733333,"[424.0, 334.0]",4
2020-04-10 00:02:02.733333,"[122.0, 395.0]",14
2020-04-10 00:02:03.400000,"[382.0, 372.0]",4
2020-04-10 00:02:03.400000,"[337.0, 77.0]",2
2020-04-10 00:02:03.400000,"[121.0, 395.0]",14
2020-04-10 00:02:04.066667,"[363.0, 389.0]",4
2020-04-10 00:02:04.066667,"[338.0, 80.0]",2
